id,dealId,startTime,endTime,isDeleted,note
1,1,2022-01-01T09:00:00+0900,2022-01-01T17:00:00+0900,0,NOTE-1 NOTE-1 NOTE-1 NOTE-1 NOTE-1
2,2,2022-01-02T09:00:00+0900,2022-01-02T17:00:00+0900,0,NOTE-2 NOTE-2 NOTE-2 NOTE-2 NOTE-2
3,3,2022-01-03T09:00:00+0900,2022-01-03T17:00:00+0900,0,NOTE-3 NOTE-3 NOTE-3 NOTE-3 NOTE-3
4,4,2022-01-04T09:00:00+0900,2022-01-04T17:00:00+0900,0,NOTE-4 NOTE-4 NOTE-4 NOTE-4 NOTE-4
5,5,2022-01-05T09:00:00+0900,2022-01-05T17:00:00+0900,0,NOTE-5 NOTE-5 NOTE-5 NOTE-5 NOTE-5
6,6,2022-01-06T09:00:00+0900,2022-01-06T17:00:00+0900,0,NOTE-6 NOTE-6 NOTE-6 NOTE-6 NOTE-6
7,7,2022-01-07T09:00:00+0900,2022-01-07T17:00:00+0900,0,NOTE-7 NOTE-7 NOTE-7 NOTE-7 NOTE-7
8,8,2022-01-08T09:00:00+0900,2022-01-08T17:00:00+0900,0,NOTE-8 NOTE-8 NOTE-8 NOTE-8 NOTE-8
9,9,2022-01-09T09:00:00+0900,2022-01-09T17:00:00+0900,0,NOTE-9 NOTE-9 NOTE-9 NOTE-9 NOTE-9
10,10,2022-01-10T09:00:00+0900,2022-01-10T17:00:00+0900,0,NOTE-10 NOTE-10 NOTE-10 NOTE-10 NOTE-10
11,11,2022-01-11T09:00:00+0900,2022-01-11T17:00:00+0900,0,NOTE-11 NOTE-11 NOTE-11 NOTE-11 NOTE-11
12,12,2022-01-12T09:00:00+0900,2022-01-12T17:00:00+0900,0,NOTE-12 NOTE-12 NOTE-12 NOTE-12 NOTE-12
13,13,2022-01-13T09:00:00+0900,2022-01-13T17:00:00+0900,0,NOTE-13 NOTE-13 NOTE-13 NOTE-13 NOTE-13
14,14,2022-01-14T09:00:00+0900,2022-01-14T17:00:00+0900,0,NOTE-14 NOTE-14 NOTE-14 NOTE-14 NOTE-14
15,15,2022-01-15T09:00:00+0900,2022-01-15T17:00:00+0900,0,NOTE-15 NOTE-15 NOTE-15 NOTE-15 NOTE-15
16,16,2022-01-16T09:00:00+0900,2022-01-16T17:00:00+0900,0,NOTE-16 NOTE-16 NOTE-16 NOTE-16 NOTE-16
17,17,2022-01-17T09:00:00+0900,2022-01-17T17:00:00+0900,0,NOTE-17 NOTE-17 NOTE-17 NOTE-17 NOTE-17
18,18,2022-01-18T09:00:00+0900,2022-01-18T17:00:00+0900,0,NOTE-18 NOTE-18 NOTE-18 NOTE-18 NOTE-18
19,19,2022-01-19T09:00:00+0900,2022-01-19T17:00:00+0900,0,NOTE-19 NOTE-19 NOTE-19 NOTE-19 NOTE-19
20,20,2022-01-20T09:00:00+0900,2022-01-20T17:00:00+0900,0,NOTE-20 NOTE-20 NOTE-20 NOTE-20 NOTE-20
21,21,2022-01-21T09:00:00+0900,2022-01-21T17:00:00+0900,0,NOTE-21 NOTE-21 NOTE-21 NOTE-21 NOTE-21
22,22,2022-01-22T09:00:00+0900,2022-01-22T17:00:00+0900,0,NOTE-22 NOTE-22 NOTE-22 NOTE-22 NOTE-22
23,23,2022-01-23T09:00:00+0900,2022-01-23T17:00:00+0900,0,NOTE-23 NOTE-23 NOTE-23 NOTE-23 NOTE-23
24,24,2022-01-24T09:00:00+0900,2022-01-24T17:00:00+0900,0,NOTE-24 NOTE-24 NOTE-24 NOTE-24 NOTE-24
25,25,2022-01-25T09:00:00+0900,2022-01-25T17:00:00+0900,0,NOTE-25 NOTE-25 NOTE-25 NOTE-25 NOTE-25
26,26,2022-01-26T09:00:00+0900,2022-01-26T17:00:00+0900,0,NOTE-26 NOTE-26 NOTE-26 NOTE-26 NOTE-26
27,27,2022-01-27T09:00:00+0900,2022-01-27T17:00:00+0900,0,NOTE-27 NOTE-27 NOTE-27 NOTE-27 NOTE-27
28,28,2022-01-28T09:00:00+0900,2022-01-28T17:00:00+0900,0,NOTE-28 NOTE-28 NOTE-28 NOTE-28 NOTE-28
29,29,2022-01-29T09:00:00+0900,2022-01-29T17:00:00+0900,0,NOTE-29 NOTE-29 NOTE-29 NOTE-29 NOTE-29
30,30,2022-01-30T09:00:00+0900,2022-01-30T17:00:00+0900,0,NOTE-30 NOTE-30 NOTE-30 NOTE-30 NOTE-30
31,1,2022-01-31T09:00:00+0900,2022-01-31T17:00:00+0900,0,NOTE-31 NOTE-31 NOTE-31 NOTE-31 NOTE-31
32,2,2022-02-01T09:00:00+0900,2022-02-01T17:00:00+0900,0,NOTE-32 NOTE-32 NOTE-32 NOTE-32 NOTE-32
33,3,2022-02-02T09:00:00+0900,2022-02-02T17:00:00+0900,0,NOTE-33 NOTE-33 NOTE-33 NOTE-33 NOTE-33
34,4,2022-02-03T09:00:00+0900,2022-02-03T17:00:00+0900,0,NOTE-34 NOTE-34 NOTE-34 NOTE-34 NOTE-34
35,5,2022-02-04T09:00:00+0900,2022-02-04T17:00:00+0900,0,NOTE-35 NOTE-35 NOTE-35 NOTE-35 NOTE-35
36,6,2022-02-05T09:00:00+0900,2022-02-05T17:00:00+0900,0,NOTE-36 NOTE-36 NOTE-36 NOTE-36 NOTE-36
37,7,2022-02-06T09:00:00+0900,2022-02-06T17:00:00+0900,0,NOTE-37 NOTE-37 NOTE-37 NOTE-37 NOTE-37
38,8,2022-02-07T09:00:00+0900,2022-02-07T17:00:00+0900,0,NOTE-38 NOTE-38 NOTE-38 NOTE-38 NOTE-38
39,9,2022-02-08T09:00:00+0900,2022-02-08T17:00:00+0900,0,NOTE-39 NOTE-39 NOTE-39 NOTE-39 NOTE-39
40,10,2022-02-09T09:00:00+0900,2022-02-09T17:00:00+0900,0,NOTE-40 NOTE-40 NOTE-40 NOTE-40 NOTE-40
41,11,2022-02-10T09:00:00+0900,2022-02-10T17:00:00+0900,0,NOTE-41 NOTE-41 NOTE-41 NOTE-41 NOTE-41
42,12,2022-02-11T09:00:00+0900,2022-02-11T17:00:00+0900,0,NOTE-42 NOTE-42 NOTE-42 NOTE-42 NOTE-42
43,13,2022-02-12T09:00:00+0900,2022-02-12T17:00:00+0900,0,NOTE-43 NOTE-43 NOTE-43 NOTE-43 NOTE-43
44,14,2022-02-13T09:00:00+0900,2022-02-13T17:00:00+0900,0,NOTE-44 NOTE-44 NOTE-44 NOTE-44 NOTE-44
45,15,2022-02-14T09:00:00+0900,2022-02-14T17:00:00+0900,0,NOTE-45 NOTE-45 NOTE-45 NOTE-45 NOTE-45
46,16,2022-02-15T09:00:00+0900,2022-02-15T17:00:00+0900,0,NOTE-46 NOTE-46 NOTE-46 NOTE-46 NOTE-46
47,17,2022-02-16T09:00:00+0900,2022-02-16T17:00:00+0900,0,NOTE-47 NOTE-47 NOTE-47 NOTE-47 NOTE-47
48,18,2022-02-17T09:00:00+0900,2022-02-17T17:00:00+0900,0,NOTE-48 NOTE-48 NOTE-48 NOTE-48 NOTE-48
49,19,2022-02-18T09:00:00+0900,2022-02-18T17:00:00+0900,0,NOTE-49 NOTE-49 NOTE-49 NOTE-49 NOTE-49
50,20,2022-02-19T09:00:00+0900,2022-02-19T17:00:00+0900,0,NOTE-50 NOTE-50 NOTE-50 NOTE-50 NOTE-50
51,21,2022-02-20T09:00:00+0900,2022-02-20T17:00:00+0900,0,NOTE-51 NOTE-51 NOTE-51 NOTE-51 NOTE-51
52,22,2022-02-21T09:00:00+0900,2022-02-21T17:00:00+0900,0,NOTE-52 NOTE-52 NOTE-52 NOTE-52 NOTE-52
53,23,2022-02-22T09:00:00+0900,2022-02-22T17:00:00+0900,0,NOTE-53 NOTE-53 NOTE-53 NOTE-53 NOTE-53
54,24,2022-02-23T09:00:00+0900,2022-02-23T17:00:00+0900,0,NOTE-54 NOTE-54 NOTE-54 NOTE-54 NOTE-54
55,25,2022-02-24T09:00:00+0900,2022-02-24T17:00:00+0900,0,NOTE-55 NOTE-55 NOTE-55 NOTE-55 NOTE-55
56,26,2022-02-25T09:00:00+0900,2022-02-25T17:00:00+0900,0,NOTE-56 NOTE-56 NOTE-56 NOTE-56 NOTE-56
57,27,2022-02-26T09:00:00+0900,2022-02-26T17:00:00+0900,0,NOTE-57 NOTE-57 NOTE-57 NOTE-57 NOTE-57
58,28,2022-02-27T09:00:00+0900,2022-02-27T17:00:00+0900,0,NOTE-58 NOTE-58 NOTE-58 NOTE-58 NOTE-58
59,29,2022-02-28T09:00:00+0900,2022-02-28T17:00:00+0900,0,NOTE-59 NOTE-59 NOTE-59 NOTE-59 NOTE-59
60,30,2022-03-01T09:00:00+0900,2022-03-01T17:00:00+0900,0,NOTE-60 NOTE-60 NOTE-60 NOTE-60 NOTE-60
61,1,2022-03-02T09:00:00+0900,2022-03-02T17:00:00+0900,0,NOTE-61 NOTE-61 NOTE-61 NOTE-61 NOTE-61
62,2,2022-03-03T09:00:00+0900,2022-03-03T17:00:00+0900,0,NOTE-62 NOTE-62 NOTE-62 NOTE-62 NOTE-62
63,3,2022-03-04T09:00:00+0900,2022-03-04T17:00:00+0900,0,NOTE-63 NOTE-63 NOTE-63 NOTE-63 NOTE-63
64,4,2022-03-05T09:00:00+0900,2022-03-05T17:00:00+0900,0,NOTE-64 NOTE-64 NOTE-64 NOTE-64 NOTE-64
65,5,2022-03-06T09:00:00+0900,2022-03-06T17:00:00+0900,0,NOTE-65 NOTE-65 NOTE-65 NOTE-65 NOTE-65
66,6,2022-03-07T09:00:00+0900,2022-03-07T17:00:00+0900,0,NOTE-66 NOTE-66 NOTE-66 NOTE-66 NOTE-66
67,7,2022-03-08T09:00:00+0900,2022-03-08T17:00:00+0900,0,NOTE-67 NOTE-67 NOTE-67 NOTE-67 NOTE-67
68,8,2022-03-09T09:00:00+0900,2022-03-09T17:00:00+0900,0,NOTE-68 NOTE-68 NOTE-68 NOTE-68 NOTE-68
69,9,2022-03-10T09:00:00+0900,2022-03-10T17:00:00+0900,0,NOTE-69 NOTE-69 NOTE-69 NOTE-69 NOTE-69
70,10,2022-03-11T09:00:00+0900,2022-03-11T17:00:00+0900,0,NOTE-70 NOTE-70 NOTE-70 NOTE-70 NOTE-70
71,11,2022-03-12T09:00:00+0900,2022-03-12T17:00:00+0900,0,NOTE-71 NOTE-71 NOTE-71 NOTE-71 NOTE-71
72,12,2022-03-13T09:00:00+0900,2022-03-13T17:00:00+0900,0,NOTE-72 NOTE-72 NOTE-72 NOTE-72 NOTE-72
73,13,2022-03-14T09:00:00+0900,2022-03-14T17:00:00+0900,0,NOTE-73 NOTE-73 NOTE-73 NOTE-73 NOTE-73
74,14,2022-03-15T09:00:00+0900,2022-03-15T17:00:00+0900,0,NOTE-74 NOTE-74 NOTE-74 NOTE-74 NOTE-74
75,15,2022-03-16T09:00:00+0900,2022-03-16T17:00:00+0900,0,NOTE-75 NOTE-75 NOTE-75 NOTE-75 NOTE-75
76,16,2022-03-17T09:00:00+0900,2022-03-17T17:00:00+0900,0,NOTE-76 NOTE-76 NOTE-76 NOTE-76 NOTE-76
77,17,2022-03-18T09:00:00+0900,2022-03-18T17:00:00+0900,0,NOTE-77 NOTE-77 NOTE-77 NOTE-77 NOTE-77
78,18,2022-03-19T09:00:00+0900,2022-03-19T17:00:00+0900,0,NOTE-78 NOTE-78 NOTE-78 NOTE-78 NOTE-78
79,19,2022-03-20T09:00:00+0900,2022-03-20T17:00:00+0900,0,NOTE-79 NOTE-79 NOTE-79 NOTE-79 NOTE-79
80,20,2022-03-21T09:00:00+0900,2022-03-21T17:00:00+0900,0,NOTE-80 NOTE-80 NOTE-80 NOTE-80 NOTE-80
81,21,2022-03-22T09:00:00+0900,2022-03-22T17:00:00+0900,0,NOTE-81 NOTE-81 NOTE-81 NOTE-81 NOTE-81
82,22,2022-03-23T09:00:00+0900,2022-03-23T17:00:00+0900,0,NOTE-82 NOTE-82 NOTE-82 NOTE-82 NOTE-82
83,23,2022-03-24T09:00:00+0900,2022-03-24T17:00:00+0900,0,NOTE-83 NOTE-83 NOTE-83 NOTE-83 NOTE-83
84,24,2022-03-25T09:00:00+0900,2022-03-25T17:00:00+0900,0,NOTE-84 NOTE-84 NOTE-84 NOTE-84 NOTE-84
85,25,2022-03-26T09:00:00+0900,2022-03-26T17:00:00+0900,0,NOTE-85 NOTE-85 NOTE-85 NOTE-85 NOTE-85
86,26,2022-03-27T09:00:00+0900,2022-03-27T17:00:00+0900,0,NOTE-86 NOTE-86 NOTE-86 NOTE-86 NOTE-86
87,27,2022-03-28T09:00:00+0900,2022-03-28T17:00:00+0900,0,NOTE-87 NOTE-87 NOTE-87 NOTE-87 NOTE-87
88,28,2022-03-29T09:00:00+0900,2022-03-29T17:00:00+0900,0,NOTE-88 NOTE-88 NOTE-88 NOTE-88 NOTE-88
89,29,2022-03-30T09:00:00+0900,2022-03-30T17:00:00+0900,0,NOTE-89 NOTE-89 NOTE-89 NOTE-89 NOTE-89
90,30,2022-03-31T09:00:00+0900,2022-03-31T17:00:00+0900,0,NOTE-90 NOTE-90 NOTE-90 NOTE-90 NOTE-90
91,1,2022-04-01T09:00:00+0900,2022-04-01T17:00:00+0900,0,NOTE-91 NOTE-91 NOTE-91 NOTE-91 NOTE-91
92,2,2022-04-02T09:00:00+0900,2022-04-02T17:00:00+0900,0,NOTE-92 NOTE-92 NOTE-92 NOTE-92 NOTE-92
93,3,2022-04-03T09:00:00+0900,2022-04-03T17:00:00+0900,0,NOTE-93 NOTE-93 NOTE-93 NOTE-93 NOTE-93
94,4,2022-04-04T09:00:00+0900,2022-04-04T17:00:00+0900,0,NOTE-94 NOTE-94 NOTE-94 NOTE-94 NOTE-94
95,5,2022-04-05T09:00:00+0900,2022-04-05T17:00:00+0900,0,NOTE-95 NOTE-95 NOTE-95 NOTE-95 NOTE-95
96,6,2022-04-06T09:00:00+0900,2022-04-06T17:00:00+0900,0,NOTE-96 NOTE-96 NOTE-96 NOTE-96 NOTE-96
97,7,2022-04-07T09:00:00+0900,2022-04-07T17:00:00+0900,0,NOTE-97 NOTE-97 NOTE-97 NOTE-97 NOTE-97
98,8,2022-04-08T09:00:00+0900,2022-04-08T17:00:00+0900,0,NOTE-98 NOTE-98 NOTE-98 NOTE-98 NOTE-98
99,9,2022-04-09T09:00:00+0900,2022-04-09T17:00:00+0900,0,NOTE-99 NOTE-99 NOTE-99 NOTE-99 NOTE-99
100,10,2022-04-10T09:00:00+0900,2022-04-10T17:00:00+0900,0,NOTE-100 NOTE-100 NOTE-100 NOTE-100 NOTE-100
101,11,2022-04-11T09:00:00+0900,2022-04-11T17:00:00+0900,0,NOTE-101 NOTE-101 NOTE-101 NOTE-101 NOTE-101
102,12,2022-04-12T09:00:00+0900,2022-04-12T17:00:00+0900,0,NOTE-102 NOTE-102 NOTE-102 NOTE-102 NOTE-102
103,13,2022-04-13T09:00:00+0900,2022-04-13T17:00:00+0900,0,NOTE-103 NOTE-103 NOTE-103 NOTE-103 NOTE-103
104,14,2022-04-14T09:00:00+0900,2022-04-14T17:00:00+0900,0,NOTE-104 NOTE-104 NOTE-104 NOTE-104 NOTE-104
105,15,2022-04-15T09:00:00+0900,2022-04-15T17:00:00+0900,0,NOTE-105 NOTE-105 NOTE-105 NOTE-105 NOTE-105
106,16,2022-04-16T09:00:00+0900,2022-04-16T17:00:00+0900,0,NOTE-106 NOTE-106 NOTE-106 NOTE-106 NOTE-106
107,17,2022-04-17T09:00:00+0900,2022-04-17T17:00:00+0900,0,NOTE-107 NOTE-107 NOTE-107 NOTE-107 NOTE-107
108,18,2022-04-18T09:00:00+0900,2022-04-18T17:00:00+0900,0,NOTE-108 NOTE-108 NOTE-108 NOTE-108 NOTE-108
109,19,2022-04-19T09:00:00+0900,2022-04-19T17:00:00+0900,0,NOTE-109 NOTE-109 NOTE-109 NOTE-109 NOTE-109
110,20,2022-04-20T09:00:00+0900,2022-04-20T17:00:00+0900,0,NOTE-110 NOTE-110 NOTE-110 NOTE-110 NOTE-110
111,21,2022-04-21T09:00:00+0900,2022-04-21T17:00:00+0900,0,NOTE-111 NOTE-111 NOTE-111 NOTE-111 NOTE-111
112,22,2022-04-22T09:00:00+0900,2022-04-22T17:00:00+0900,0,NOTE-112 NOTE-112 NOTE-112 NOTE-112 NOTE-112
113,23,2022-04-23T09:00:00+0900,2022-04-23T17:00:00+0900,0,NOTE-113 NOTE-113 NOTE-113 NOTE-113 NOTE-113
114,24,2022-04-24T09:00:00+0900,2022-04-24T17:00:00+0900,0,NOTE-114 NOTE-114 NOTE-114 NOTE-114 NOTE-114
115,25,2022-04-25T09:00:00+0900,2022-04-25T17:00:00+0900,0,NOTE-115 NOTE-115 NOTE-115 NOTE-115 NOTE-115
116,26,2022-04-26T09:00:00+0900,2022-04-26T17:00:00+0900,0,NOTE-116 NOTE-116 NOTE-116 NOTE-116 NOTE-116
117,27,2022-04-27T09:00:00+0900,2022-04-27T17:00:00+0900,0,NOTE-117 NOTE-117 NOTE-117 NOTE-117 NOTE-117
118,28,2022-04-28T09:00:00+0900,2022-04-28T17:00:00+0900,0,NOTE-118 NOTE-118 NOTE-118 NOTE-118 NOTE-118
119,29,2022-04-29T09:00:00+0900,2022-04-29T17:00:00+0900,0,NOTE-119 NOTE-119 NOTE-119 NOTE-119 NOTE-119
120,30,2022-04-30T09:00:00+0900,2022-04-30T17:00:00+0900,0,NOTE-120 NOTE-120 NOTE-120 NOTE-120 NOTE-120
121,1,2022-05-01T09:00:00+0900,2022-05-01T17:00:00+0900,0,NOTE-121 NOTE-121 NOTE-121 NOTE-121 NOTE-121
122,2,2022-05-02T09:00:00+0900,2022-05-02T17:00:00+0900,0,NOTE-122 NOTE-122 NOTE-122 NOTE-122 NOTE-122
123,3,2022-05-03T09:00:00+0900,2022-05-03T17:00:00+0900,0,NOTE-123 NOTE-123 NOTE-123 NOTE-123 NOTE-123
124,4,2022-05-04T09:00:00+0900,2022-05-04T17:00:00+0900,0,NOTE-124 NOTE-124 NOTE-124 NOTE-124 NOTE-124
125,5,2022-05-05T09:00:00+0900,2022-05-05T17:00:00+0900,0,NOTE-125 NOTE-125 NOTE-125 NOTE-125 NOTE-125
126,6,2022-05-06T09:00:00+0900,2022-05-06T17:00:00+0900,0,NOTE-126 NOTE-126 NOTE-126 NOTE-126 NOTE-126
127,7,2022-05-07T09:00:00+0900,2022-05-07T17:00:00+0900,0,NOTE-127 NOTE-127 NOTE-127 NOTE-127 NOTE-127
128,8,2022-05-08T09:00:00+0900,2022-05-08T17:00:00+0900,0,NOTE-128 NOTE-128 NOTE-128 NOTE-128 NOTE-128
129,9,2022-05-09T09:00:00+0900,2022-05-09T17:00:00+0900,0,NOTE-129 NOTE-129 NOTE-129 NOTE-129 NOTE-129
130,10,2022-05-10T09:00:00+0900,2022-05-10T17:00:00+0900,0,NOTE-130 NOTE-130 NOTE-130 NOTE-130 NOTE-130
131,11,2022-05-11T09:00:00+0900,2022-05-11T17:00:00+0900,0,NOTE-131 NOTE-131 NOTE-131 NOTE-131 NOTE-131
132,12,2022-05-12T09:00:00+0900,2022-05-12T17:00:00+0900,0,NOTE-132 NOTE-132 NOTE-132 NOTE-132 NOTE-132
133,13,2022-05-13T09:00:00+0900,2022-05-13T17:00:00+0900,0,NOTE-133 NOTE-133 NOTE-133 NOTE-133 NOTE-133
134,14,2022-05-14T09:00:00+0900,2022-05-14T17:00:00+0900,0,NOTE-134 NOTE-134 NOTE-134 NOTE-134 NOTE-134
135,15,2022-05-15T09:00:00+0900,2022-05-15T17:00:00+0900,0,NOTE-135 NOTE-135 NOTE-135 NOTE-135 NOTE-135
136,16,2022-05-16T09:00:00+0900,2022-05-16T17:00:00+0900,0,NOTE-136 NOTE-136 NOTE-136 NOTE-136 NOTE-136
137,17,2022-05-17T09:00:00+0900,2022-05-17T17:00:00+0900,0,NOTE-137 NOTE-137 NOTE-137 NOTE-137 NOTE-137
138,18,2022-05-18T09:00:00+0900,2022-05-18T17:00:00+0900,0,NOTE-138 NOTE-138 NOTE-138 NOTE-138 NOTE-138
139,19,2022-05-19T09:00:00+0900,2022-05-19T17:00:00+0900,0,NOTE-139 NOTE-139 NOTE-139 NOTE-139 NOTE-139
140,20,2022-05-20T09:00:00+0900,2022-05-20T17:00:00+0900,0,NOTE-140 NOTE-140 NOTE-140 NOTE-140 NOTE-140
141,21,2022-05-21T09:00:00+0900,2022-05-21T17:00:00+0900,0,NOTE-141 NOTE-141 NOTE-141 NOTE-141 NOTE-141
142,22,2022-05-22T09:00:00+0900,2022-05-22T17:00:00+0900,0,NOTE-142 NOTE-142 NOTE-142 NOTE-142 NOTE-142
143,23,2022-05-23T09:00:00+0900,2022-05-23T17:00:00+0900,0,NOTE-143 NOTE-143 NOTE-143 NOTE-143 NOTE-143
144,24,2022-05-24T09:00:00+0900,2022-05-24T17:00:00+0900,0,NOTE-144 NOTE-144 NOTE-144 NOTE-144 NOTE-144
145,25,2022-05-25T09:00:00+0900,2022-05-25T17:00:00+0900,0,NOTE-145 NOTE-145 NOTE-145 NOTE-145 NOTE-145
146,26,2022-05-26T09:00:00+0900,2022-05-26T17:00:00+0900,0,NOTE-146 NOTE-146 NOTE-146 NOTE-146 NOTE-146
147,27,2022-05-27T09:00:00+0900,2022-05-27T17:00:00+0900,0,NOTE-147 NOTE-147 NOTE-147 NOTE-147 NOTE-147
148,28,2022-05-28T09:00:00+0900,2022-05-28T17:00:00+0900,0,NOTE-148 NOTE-148 NOTE-148 NOTE-148 NOTE-148
149,29,2022-05-29T09:00:00+0900,2022-05-29T17:00:00+0900,0,NOTE-149 NOTE-149 NOTE-149 NOTE-149 NOTE-149
150,30,2022-05-30T09:00:00+0900,2022-05-30T17:00:00+0900,0,NOTE-150 NOTE-150 NOTE-150 NOTE-150 NOTE-150
